{"stats":{"minecraft:dropped":{"minecraft:oak_slab":149,"minecraft:oak_log":22,"simplemagnets:advancedmagnet":3,"minecraft:cobblestone":86,"minecraft:oak_planks":132,"minecraft:coal":5,"minecraft:stick":4,"minecraft:dirt":4,"minecraft:cobblestone_slab":1,"minecraft:stone_pickaxe":1,"minecraft:spruce_sapling":1},"minecraft:killed":{"thehorrid:fakeleech":1},"minecraft:custom":{"minecraft:interact_with_furnace":15,"minecraft:mob_kills":1,"minecraft:traded_with_villager":5,"minecraft:interact_with_crafting_table":17,"minecraft:leave_game":1,"minecraft:time_since_death":533,"minecraft:time_since_rest":569,"minecraft:sprint_one_cm":168650,"minecraft:damage_taken":2289,"minecraft:walk_one_cm":592059,"minecraft:drop":26,"minecraft:damage_dealt":2135,"minecraft:talked_to_villager":33,"minecraft:fly_one_cm":236496,"minecraft:player_kills":12,"minecraft:open_chest":116,"minecraft:crouch_one_cm":121569,"minecraft:play_time":159116,"minecraft:deaths":9,"minecraft:sneak_time":29579,"minecraft:jump":1021,"minecraft:total_world_time":159116,"minecraft:fall_one_cm":9472},"minecraft:picked_up":{"minecraft:mud":92,"minecraft:clay_ball":200,"minecraft:andesite":35,"minecraft:potato":16,"minecraft:oak_log":139,"minecraft:shield":1,"minecraft:dirt":522,"minecraft:raw_copper":62,"minecraft:iron_axe":3,"minecraft:apple":3,"minecraft:wheat_seeds":6,"minecraft:raw_gold":35,"minecraft:iron_ingot":3,"minecraft:stone_pickaxe":3,"minecraft:cobblestone_slab":1,"simplemagnets:advancedmagnet":1,"minecraft:iron_pickaxe":1,"minecraft:moss_block":157,"minecraft:iron_sword":2,"minecraft:oak_planks":187,"minecraft:oak_slab":21,"minecraft:raw_iron":54,"minecraft:stick":38,"minecraft:torch":21,"minecraft:spruce_sapling":7,"minecraft:diorite":76,"minecraft:redstone":78,"minecraft:clay":8,"minecraft:stone_axe":2,"minecraft:granite":53,"minecraft:oak_sapling":6,"minecraft:coal":68,"minecraft:cobblestone":330},"minecraft:crafted":{"minecraft:oak_planks":140,"minecraft:raw_iron":1,"minecraft:wooden_pickaxe":2,"minecraft:stone_axe":1,"minecraft:potato":16,"minecraft:air":0,"minecraft:oak_trapdoor":2,"minecraft:stick":12,"minecraft:stone_pickaxe":3,"minecraft:wooden_axe":2,"minecraft:chest":2},"minecraft:mined":{"minecraft:clay":24,"minecraft:torch":3,"minecraft:granite":24,"minecraft:grass_block":249,"minecraft:copper_ore":15,"minecraft:cobblestone":2,"minecraft:spruce_leaves":76,"minecraft:moss_block":112,"minecraft:diorite":25,"minecraft:wall_torch":1,"minecraft:redstone_ore":11,"minecraft:oak_trapdoor":2,"minecraft:mud":58,"minecraft:iron_ore":45,"minecraft:andesite":19,"minecraft:oak_log":103,"minecraft:coal_ore":56,"minecraft:dirt":14,"minecraft:stone":155,"minecraft:gold_ore":21,"minecraft:oak_leaves":73},"minecraft:broken":{"minecraft:stone_pickaxe":1,"minecraft:iron_pickaxe":1,"minecraft:wooden_pickaxe":1},"minecraft:used":{"minecraft:moss_block":94,"minecraft:oak_trapdoor":2,"minecraft:diorite":3,"minecraft:stone_pickaxe":141,"minecraft:chest":4,"minecraft:wooden_pickaxe":59,"minecraft:iron_sword":10,"minecraft:torch":2,"minecraft:dirt":217,"minecraft:mud":52,"minecraft:wooden_axe":12,"minecraft:iron_axe":76,"minecraft:iron_pickaxe":437,"minecraft:spruce_sapling":2,"minecraft:stone_axe":43,"minecraft:cobblestone":4,"minecraft:oak_sapling":5},"minecraft:killed_by":{"the_silence:the_silence_principal":1,"skinwalker_overhaul:skinwalker_overhaul":1,"minecraft:player":3,"screaming_villager:screaming_villager":1,"jacky:jacky":1,"the_silence:la_cosa_real":1}},"DataVersion":3120}