{"stats":{"minecraft:dropped":{"minecraft:iron_sword":2,"minecraft:moss_block":1,"minecraft:oak_log":7,"simplemagnets:advancedmagnet":1,"minecraft:clay_ball":4,"minecraft:oak_planks":132,"minecraft:coal":1,"minecraft:torch":2,"minecraft:oak_sapling":1},"minecraft:killed":{"thehorrid:fakeleech":1},"minecraft:custom":{"minecraft:interact_with_furnace":8,"minecraft:mob_kills":2,"minecraft:traded_with_villager":1,"minecraft:interact_with_crafting_table":44,"minecraft:leave_game":8,"minecraft:time_since_death":268,"minecraft:time_since_rest":293,"minecraft:sprint_one_cm":326952,"minecraft:damage_taken":16487,"minecraft:walk_one_cm":322822,"minecraft:drop":13,"minecraft:damage_dealt":5343,"minecraft:talked_to_villager":8,"minecraft:fly_one_cm":296095,"minecraft:player_kills":29,"minecraft:open_chest":58,"minecraft:crouch_one_cm":126523,"minecraft:play_time":129706,"minecraft:deaths":65,"minecraft:sneak_time":38378,"minecraft:jump":1403,"minecraft:total_world_time":129706,"minecraft:fall_one_cm":11116},"minecraft:picked_up":{"minecraft:mud":67,"minecraft:clay_ball":48,"minecraft:andesite":20,"minecraft:wooden_pickaxe":1,"minecraft:oak_log":227,"minecraft:shield":2,"minecraft:dirt":256,"minecraft:iron_axe":6,"minecraft:apple":10,"minecraft:iron_ingot":3,"minecraft:stone_pickaxe":1,"minecraft:cobblestone_slab":3,"simplemagnets:advancedmagnet":2,"minecraft:iron_pickaxe":3,"minecraft:moss_block":86,"minecraft:iron_sword":4,"minecraft:oak_planks":291,"minecraft:raw_iron":34,"minecraft:oak_slab":74,"minecraft:stick":59,"minecraft:torch":167,"minecraft:spruce_sapling":14,"minecraft:diorite":28,"minecraft:spruce_log":21,"minecraft:stone_axe":1,"minecraft:granite":12,"minecraft:oak_sapling":67,"minecraft:coal":83,"minecraft:cobblestone":186},"minecraft:crafted":{"minecraft:wooden_sword":1,"minecraft:oak_planks":468,"minecraft:oak_slab":390,"minecraft:cobblestone_slab":42,"minecraft:spruce_planks":52,"minecraft:wooden_pickaxe":3,"minecraft:wheat_seeds":6,"minecraft:stone_axe":3,"minecraft:air":0,"minecraft:oak_trapdoor":20,"minecraft:spruce_trapdoor":2,"minecraft:shield":3,"minecraft:iron_axe":5,"minecraft:stick":80,"minecraft:spruce_slab":42,"minecraft:iron_ingot":31,"minecraft:iron_pickaxe":6,"minecraft:stone_pickaxe":3,"minecraft:wooden_axe":1,"minecraft:oak_button":1,"minecraft:torch":116},"minecraft:broken":{"minecraft:iron_pickaxe":1},"minecraft:mined":{"minecraft:oak_slab":21,"minecraft:oak_sapling":8,"minecraft:clay":16,"minecraft:torch":8,"minecraft:granite":8,"minecraft:grass_block":209,"minecraft:cobblestone":10,"minecraft:spruce_leaves":65,"minecraft:moss_block":87,"minecraft:diorite":20,"minecraft:wall_torch":2,"minecraft:oak_trapdoor":2,"minecraft:spruce_sapling":5,"minecraft:mud":61,"minecraft:iron_ore":55,"minecraft:spruce_log":21,"minecraft:andesite":21,"minecraft:oak_log":206,"minecraft:coal_ore":88,"minecraft:cobblestone_slab":1,"minecraft:dirt":19,"minecraft:stone":162,"minecraft:oak_leaves":52,"minecraft:spruce_slab":1},"minecraft:used":{"minecraft:moss_block":8,"minecraft:oak_trapdoor":17,"minecraft:spruce_slab":33,"minecraft:stone_pickaxe":140,"minecraft:wooden_pickaxe":29,"minecraft:iron_sword":21,"minecraft:cobblestone_slab":12,"minecraft:torch":59,"minecraft:dirt":44,"minecraft:oak_slab":309,"minecraft:oak_log":2,"minecraft:mud":3,"minecraft:wooden_axe":45,"minecraft:iron_axe":194,"minecraft:oak_button":1,"minecraft:iron_pickaxe":528,"minecraft:spruce_trapdoor":2,"minecraft:spruce_sapling":6,"minecraft:stone_axe":108,"minecraft:wooden_sword":14,"minecraft:cobblestone":2,"minecraft:oak_sapling":27},"minecraft:killed_by":{"vivilly_dweller:vivilly_dweller":2,"skinwalker_overhaul:skinwalker_overhaul":5,"minecraft:player":36,"screaming_villager:screaming_villager":1,"torture:torture":2,"jacky:jacky":1,"kim_dweller:kim_dweller":2,"assimilator:assimilator":1,"cartoon_dweller:cartoon_dweller":1,"krampus:krampus":1}},"DataVersion":3120}