{"stats":{"minecraft:dropped":{"minecraft:stone_axe":2,"minecraft:moss_block":42,"minecraft:oak_log":5,"minecraft:raw_iron":1,"minecraft:cobblestone":2,"minecraft:oak_planks":21,"minecraft:granite":1,"minecraft:coal":2,"minecraft:stick":4,"minecraft:dirt":52,"minecraft:shield":4,"minecraft:torch":2,"minecraft:andesite":2,"minecraft:wooden_axe":1,"minecraft:oak_sapling":9,"minecraft:wooden_pickaxe":1,"minecraft:mud":14,"minecraft:stone_pickaxe":2},"minecraft:custom":{"minecraft:interact_with_furnace":19,"minecraft:traded_with_villager":1,"minecraft:interact_with_crafting_table":32,"minecraft:leave_game":4,"minecraft:time_since_death":3616,"minecraft:time_since_rest":3641,"minecraft:sprint_one_cm":348234,"minecraft:damage_taken":14748,"minecraft:walk_one_cm":486543,"minecraft:drop":65,"minecraft:damage_dealt":6711,"minecraft:talked_to_villager":38,"minecraft:fly_one_cm":254906,"minecraft:player_kills":30,"minecraft:open_chest":93,"minecraft:crouch_one_cm":51055,"minecraft:play_time":150010,"minecraft:deaths":58,"minecraft:sneak_time":28034,"minecraft:jump":1553,"minecraft:total_world_time":150010,"minecraft:fall_one_cm":15627},"minecraft:picked_up":{"minecraft:mud":69,"minecraft:andesite":15,"minecraft:clay_ball":52,"minecraft:oak_stairs":6,"minecraft:oak_log":79,"minecraft:shield":3,"minecraft:dirt":273,"minecraft:oak_trapdoor":1,"minecraft:raw_copper":8,"minecraft:iron_axe":2,"minecraft:apple":3,"minecraft:iron_ingot":7,"minecraft:cobblestone_slab":1,"simplemagnets:advancedmagnet":2,"minecraft:moss_block":141,"minecraft:iron_sword":1,"minecraft:oak_planks":144,"minecraft:oak_slab":173,"minecraft:stick":22,"minecraft:raw_iron":46,"minecraft:torch":18,"minecraft:spruce_sapling":4,"minecraft:diorite":18,"minecraft:clay":8,"minecraft:stone_axe":2,"minecraft:granite":6,"minecraft:oak_sapling":24,"minecraft:coal":69,"minecraft:cobblestone":192},"minecraft:crafted":{"minecraft:oak_slab":222,"minecraft:oak_planks":344,"minecraft:raw_iron":6,"minecraft:stone_shovel":1,"minecraft:crafting_table":1,"minecraft:wooden_pickaxe":1,"minecraft:iron_sword":1,"minecraft:furnace":1,"minecraft:stone_axe":3,"minecraft:air":0,"minecraft:shield":6,"minecraft:iron_axe":1,"minecraft:stick":40,"minecraft:wooden_axe":1,"minecraft:iron_ingot":30,"minecraft:iron_pickaxe":2,"minecraft:stone_pickaxe":4,"minecraft:oak_stairs":4,"minecraft:chest":1,"minecraft:iron_shovel":1,"minecraft:torch":12,"minecraft:clay":13},"minecraft:mined":{"minecraft:oak_slab":10,"minecraft:oak_sapling":3,"minecraft:torch":18,"minecraft:grass_block":187,"minecraft:copper_ore":1,"minecraft:cobblestone":10,"minecraft:spruce_leaves":26,"minecraft:moss_block":116,"minecraft:oak_planks":12,"minecraft:diorite":1,"minecraft:wall_torch":1,"minecraft:oak_trapdoor":3,"minecraft:spruce_sapling":1,"minecraft:mud":52,"minecraft:iron_ore":31,"minecraft:andesite":1,"minecraft:oak_log":52,"minecraft:coal_ore":31,"minecraft:dirt_path":8,"minecraft:oak_stairs":6,"minecraft:dirt":41,"minecraft:stone":87,"minecraft:oak_leaves":24},"minecraft:broken":{"minecraft:stone_pickaxe":1},"minecraft:used":{"minecraft:moss_block":23,"minecraft:oak_trapdoor":1,"minecraft:diorite":1,"minecraft:iron_shovel":57,"minecraft:stone_shovel":104,"minecraft:stone_pickaxe":285,"minecraft:oak_planks":123,"minecraft:chest":1,"minecraft:spruce_planks":24,"minecraft:iron_sword":26,"minecraft:clay":5,"minecraft:torch":17,"minecraft:dirt":60,"minecraft:oak_slab":277,"minecraft:crafting_table":1,"minecraft:granite":1,"minecraft:wooden_axe":28,"minecraft:oak_log":4,"minecraft:mud":3,"minecraft:apple":3,"minecraft:iron_axe":40,"minecraft:oak_stairs":10,"minecraft:iron_pickaxe":54,"minecraft:spruce_sapling":1,"minecraft:stone_axe":46,"minecraft:cobblestone":46,"minecraft:furnace":1,"minecraft:oak_sapling":5,"minecraft:andesite":1},"minecraft:killed_by":{"the_silence:the_silence_principal":2,"skinwalker_overhaul:skinwalker_overhaul":1,"minecraft:player":33,"screaming_villager:screaming_villager":2,"jacky:jacky":1}},"DataVersion":3120}